point_number,latitude,longitude,cumulative_distance_km
1,45.20213,-0.74663,0.0
2,45.20447,-0.74729,0.2651770715484545
3,45.20459,-0.74735,0.2793219654309372
4,45.20469,-0.74743,0.2920897378968484
5,45.2048,-0.74756,0.3080197406658834
6,45.20491,-0.74774,0.32671301760510685
7,45.20497,-0.7479,0.3409425693869147
8,45.20502,-0.74808,0.35613686009517115
9,45.20505,-0.7483,0.3737398137261374
10,45.20495,-0.75116,0.5987108646336552
11,45.20489,-0.75168,0.6401054165988926
12,45.20466,-0.753,0.7469155280558022
13,45.2046,-0.75318,0.7625505944392602
14,45.20442,-0.75309,0.7837679360203551
15,45.20433,-0.75298,0.7969866009789573
16,45.20372,-0.75268,0.868759915147712
17,45.20364,-0.75265,0.8779578984359651
18,45.20173,-0.75174,1.1019447032610121
19,45.20152,-0.75162,1.1271157167050387
20,45.20146,-0.75163,1.1338299891323635
21,45.20078,-0.75122,1.2159817120448089
22,45.20074,-0.75119,1.221013400891123
23,45.20057,-0.75109,1.2414751285887642
24,45.20053,-0.75105,1.2469193315253893
25,45.20041,-0.75084,1.2681350396719933
26,45.20029,-0.75056,1.2938616437417108
27,45.20009,-0.74996,1.3459818408473843
28,45.19996,-0.74946,1.3878402288916012
29,45.19994,-0.74942,1.3916896678781294
30,45.19993,-0.74937,1.3957724446793214
31,45.19988,-0.74935,1.4015471555536863
32,45.19983,-0.74929,1.4088343226191204
33,45.19944,-0.74897,1.4589421023599112
34,45.1994,-0.74895,1.4636571101026594
35,45.19901,-0.74881,1.5083741454976385
36,45.19883,-0.74877,1.5286239575234652
37,45.19878,-0.74877,1.5341807406528587
38,45.19873,-0.74879,1.5399554590577422
39,45.1986,-0.74915,1.571718108017408
40,45.19822,-0.75074,1.7035959589230574
41,45.19816,-0.75091,1.7185255093128737
42,45.19752,-0.75238,1.854173928345003
43,45.19749,-0.75243,1.8593267220679577
44,45.19746,-0.75251,1.866442222049318
45,45.19731,-0.75274,1.891029048147298
46,45.19721,-0.75286,1.9056036556816203
47,45.19654,-0.75348,1.9945856756869507
48,45.19627,-0.75376,2.031794083621716
49,45.19623,-0.75377,2.03630842043238
50,45.1962,-0.75376,2.0397338328708585
51,45.19616,-0.75376,2.0441792573225253
52,45.19613,-0.75381,2.0493321218854805
53,45.19612,-0.75382,2.050693207070984
54,45.1961,-0.75386,2.0545428177906464
55,45.19609,-0.75387,2.0559039032109334
56,45.19606,-0.75394,2.0623359051320858
57,45.19605,-0.75411,2.0757402273483763
58,45.19604,-0.75416,2.0798232615240058
59,45.19594,-0.75445,2.105176390479172
60,45.19588,-0.75456,2.1160931164322996
61,45.19587,-0.75462,2.1209369955476247
62,45.19554,-0.75528,2.184455871264053
63,45.19549,-0.75526,2.1902306108929492
64,45.19543,-0.75526,2.196898746725079
65,45.19539,-0.75525,2.2014130849005364
66,45.19526,-0.75524,2.2158820652472926
67,45.19525,-0.75531,2.2214937154922754
68,45.19503,-0.75527,2.246144751503248
69,45.19452,-0.75524,2.302872901631624
70,45.19412,-0.75525,2.3473340761782877
71,45.19405,-0.75526,2.3551531520884024
72,45.19373,-0.75539,2.3921546345220563
73,45.19334,-0.75561,2.438818030684756
74,45.19332,-0.75564,2.4420580851968436
75,45.19318,-0.75573,2.4591490038349733
76,45.193,-0.75579,2.4797015269623097
77,45.19266,-0.75587,2.5180069967561933
78,45.19251,-0.75588,2.5346958390717726
79,45.192,-0.75584,2.5914620555192864
80,45.19191,-0.75548,2.6214681170726037
81,45.19184,-0.75506,2.6553775199679506
82,45.19184,-0.75498,2.6616641823022595
83,45.19155,-0.75503,2.694132109642948
84,45.19144,-0.75503,2.7063570168122997
85,45.19127,-0.75501,2.725315314607469
86,45.19125,-0.75502,2.72767285290274
87,45.19123,-0.75504,2.730395099341472
88,45.19121,-0.75507,2.7336352166692834
89,45.19117,-0.75527,2.7499686381707265
90,45.19115,-0.75532,2.7544829640350743
91,45.19112,-0.75546,2.7659788538746906
92,45.19109,-0.75575,2.789010891619818
93,45.19109,-0.75582,2.7945117934095376
94,45.19102,-0.75582,2.8022912791879184
95,45.19072,-0.75574,2.836219476292123
96,45.19067,-0.75572,2.8419942474948585
97,45.19057,-0.7557,2.8532183838834055
98,45.19058,-0.75564,2.858062688713841
99,45.19027,-0.75554,2.893399595782086
100,45.19018,-0.75549,2.904145902046097
101,45.19005,-0.75537,2.9213988351847093
102,45.18981,-0.75522,2.950560067045134
103,45.18941,-0.75501,2.99797872044126
104,45.18937,-0.75498,3.0030106213607435
105,45.18933,-0.75494,3.0084551730941405
106,45.18925,-0.75488,3.018518978661516
107,45.18914,-0.75464,3.0409951948803586
108,45.18913,-0.75458,3.0458396153706166
109,45.18907,-0.7544,3.061478153860865
110,45.18896,-0.75342,3.139457790051939
111,45.18895,-0.75278,3.189765906523641
112,45.18896,-0.75253,3.2094441265501987
113,45.18895,-0.75246,3.215056371415723
114,45.18899,-0.752,3.2514787999159296
115,45.18899,-0.75181,3.2664103681244363
116,45.18897,-0.75157,3.285401818218142
117,45.18873,-0.75056,3.3691367484260013
118,45.18872,-0.75048,3.3755212252502704
119,45.18858,-0.75059,3.393320417757472
120,45.18835,-0.75081,3.4241796802153868
121,45.18783,-0.75142,3.49926547914428
122,45.18745,-0.75183,3.552385371214706
123,45.18726,-0.75198,3.576568857036308
124,45.18723,-0.75201,3.5806523200017297
125,45.18718,-0.75202,3.586264391473278
126,45.18668,-0.75233,3.646938293730801
127,45.18651,-0.75241,3.666849990459848
128,45.18642,-0.75244,3.67712630342768
129,45.18621,-0.75246,3.7005176115039693
130,45.18608,-0.75245,3.714986575422826
131,45.18603,-0.75243,3.7207613770182295
132,45.18569,-0.75239,3.7586779612988135
133,45.18555,-0.75236,3.774414547413255
134,45.18512,-0.75231,3.822364062338226
135,45.18503,-0.75231,3.832366247821804
136,45.18485,-0.75233,3.8524322780327744
137,45.18352,-0.75282,4.0051768554297515
138,45.18333,-0.75287,4.0266551342066155
139,45.18322,-0.75288,4.038905262436892
140,45.18311,-0.75287,4.051155390530569
141,45.18311,-0.75296,4.058228966812001
142,45.18298,-0.75295,4.072697925182441
143,45.18283,-0.75291,4.089662082029082
144,45.18261,-0.75281,4.115344072200485
145,45.18257,-0.7528,4.1198584312183515
146,45.18221,-0.75261,4.162563245708267
147,45.18176,-0.7524,4.215227429668694
148,45.18087,-0.7521,4.316909576495644
149,45.18085,-0.7521,4.319132282733272
150,45.18074,-0.75208,4.331457820496445
151,45.18057,-0.75207,4.35036716507789
152,45.1804,-0.75208,4.369276509192378
153,45.18033,-0.75207,4.377095585404362
154,45.1797,-0.75211,4.4471813750261875
155,45.17964,-0.75212,4.453895657188285
156,45.17913,-0.75215,4.510623680463526
157,45.17907,-0.75216,4.517337962879533
158,45.17894,-0.75216,4.531785548712842
159,45.17892,-0.75209,4.537719622124234
160,45.179,-0.7504,4.670852518601075
161,45.17897,-0.75035,4.67600627691113
162,45.17891,-0.75042,4.6846513086709525
163,45.17873,-0.75059,4.708707959486567
164,45.17834,-0.7509,4.758430391474879
165,45.1782,-0.75103,4.777044719702605
166,45.17815,-0.7511,4.784864644409694
167,45.17809,-0.75123,4.797066161551263
168,45.17804,-0.75143,4.813739795129923
169,45.178,-0.75191,4.851729883149494
170,45.178,-0.75201,4.859590115422759
171,45.1778,-0.75194,4.882488056089154
172,45.1776,-0.75183,4.906337590092038
173,45.17742,-0.75171,4.928454172132419
174,45.17717,-0.7515,4.960771520289792
175,45.17702,-0.75139,4.979550724997412
176,45.17698,-0.75137,4.984265921899423
177,45.17672,-0.75115,5.0179404417599205
178,45.17667,-0.75112,5.023976860010828
179,45.17657,-0.75104,5.036746103623294
180,45.17656,-0.75102,5.03867134596911
181,45.17596,-0.75056,5.114525065427355
182,45.17593,-0.75053,5.118608792306304
183,45.17524,-0.74999,5.20625626523153
184,45.17514,-0.74993,5.21832914755669
185,45.1751,-0.74989,5.223774142418462
186,45.17452,-0.74951,5.2948173454483625
187,45.17422,-0.74937,5.329927218747615
188,45.17405,-0.74932,5.34922469582576
189,45.17355,-0.74914,5.40656546567181
190,45.17349,-0.74911,5.413638305065433
191,45.17336,-0.74907,5.42842408303441
192,45.17317,-0.74898,5.450693450231938
193,45.17302,-0.74889,5.468802869400191
194,45.17243,-0.74845,5.542936097150127
195,45.17238,-0.7484,5.549742446404957
196,45.17235,-0.74838,5.5534286010605
197,45.17233,-0.74836,5.5561511417732925
198,45.17119,-0.74759,5.696562367029692
199,45.17099,-0.74748,5.720412239613795
200,45.17092,-0.74743,5.72912829338305
201,45.17083,-0.74739,5.739613091935809
202,45.17028,-0.74709,5.80512931550766
203,45.1702,-0.74706,5.814327602100184
204,45.16965,-0.74678,5.879294502562607
205,45.16937,-0.74662,5.9128583399206605
206,45.16919,-0.74649,5.935322048496277
207,45.16907,-0.74636,5.952123852311927
208,45.169,-0.74623,5.964967776711941
209,45.1683,-0.74435,6.13198817080127
210,45.16811,-0.7439,6.173187819227877
211,45.16793,-0.74356,6.2065739895371115
212,45.16774,-0.74329,6.236514452296332
213,45.16772,-0.74325,6.2403653319897865
214,45.16743,-0.74286,6.2848488715248045
215,45.16726,-0.74266,6.309428722059778
216,45.16707,-0.7425,6.334007089490826
217,45.167,-0.74246,6.3423980967272025
218,45.16633,-0.74216,6.420504639083763
219,45.16612,-0.74203,6.4459827781291
220,45.16591,-0.74178,6.47649484337519
221,45.16586,-0.74169,6.4854916838844545
222,45.16582,-0.74165,6.490936967710653
223,45.16554,-0.74124,6.535740339465436
224,45.1655,-0.7412,6.541185633254445
225,45.16541,-0.74113,6.552601854711217
226,45.16527,-0.74104,6.56969413423427
227,45.16523,-0.74097,6.576768658184155
228,45.16519,-0.74074,6.595389649538403
229,45.16516,-0.74067,6.601824187244604
230,45.16512,-0.74061,6.608305974529724
231,45.16507,-0.74058,6.614342569374093
232,45.16482,-0.74049,6.643013182914046
233,45.16475,-0.74048,6.650832259468971
234,45.1647,-0.74046,6.656607200781209
235,45.16441,-0.74038,6.689444342482627
236,45.16421,-0.74035,6.711796133994511
237,45.16418,-0.74034,6.715221629248453
238,45.16412,-0.74034,6.721889728368486
239,45.16404,-0.74036,6.730918506588891
240,45.16395,-0.74037,6.740951507543155
241,45.16375,-0.74041,6.763399883058843
242,45.16367,-0.7404,6.772325376496382
243,45.16341,-0.7404,6.801220469581177
244,45.16324,-0.74037,6.820260078585781
245,45.1632,-0.74037,6.824705477272323
246,45.16306,-0.74031,6.840963791054873
247,45.16301,-0.7403,6.846575885716627
248,45.16126,-0.73964,7.0478658203108315
249,45.161,-0.73956,7.077437602965717
250,45.16082,-0.73952,7.0976876076833655
251,45.16067,-0.7395,7.114431850029438
252,45.15987,-0.73949,7.203343254280812
253,45.15982,-0.7395,7.208955352002233
254,45.15949,-0.7395,7.245629868170037
255,45.15911,-0.73946,7.287978079207111
256,45.15902,-0.73942,7.298463052838933
257,45.15827,-0.73927,7.3826445359316395
258,45.15821,-0.73927,7.38931262812156
259,45.157,-0.739,7.525451369605252
260,45.15694,-0.73898,7.532302397487419
261,45.15684,-0.73897,7.54344366417255
262,45.15674,-0.73895,7.554667865477502
263,45.15669,-0.73896,7.560279966203038
264,45.15661,-0.73896,7.569170753302759
265,45.15614,-0.73904,7.621781553834305
266,45.15586,-0.73907,7.652988591833859
267,45.15582,-0.73908,7.65750299434017
268,45.15578,-0.73908,7.66194838722565
269,45.15303,-0.73942,7.968736274829645
270,45.15261,-0.7395,8.015834907522748
271,45.15235,-0.73958,8.045406849680127
272,45.15052,-0.74052,8.261800642266586
273,45.15044,-0.74057,8.271522093646585
274,45.14994,-0.74083,8.33073182650199
275,45.14989,-0.74085,8.336506864823951
276,45.14941,-0.7411,8.393359138069858
277,45.14936,-0.74114,8.399744474759693
278,45.14889,-0.74137,8.45502088864708
279,45.14886,-0.74139,8.458707306490412
280,45.14832,-0.74166,8.522365700433845
281,45.14812,-0.74169,8.544717499470027
282,45.148,-0.74167,8.558146091998788
283,45.14799,-0.74179,8.567648535040131
284,45.14797,-0.74182,8.570889939377603
285,45.14796,-0.74185,8.573497894624134
286,45.14757,-0.74207,8.620166100381486
287,45.14754,-0.74208,8.6235916386729
288,45.14751,-0.74211,8.627676029230676
289,45.14777,-0.74321,8.718882610554717
290,45.14793,-0.74361,8.755017894956746
291,45.14769,-0.74376,8.784182460399672
292,45.14759,-0.74378,8.795406679261914
293,45.14746,-0.74385,8.810867485054173
294,45.14716,-0.74384,8.844217156111208
295,45.14704,-0.74385,8.85757648310842
296,45.14689,-0.74388,8.874412813346
297,45.14663,-0.74406,8.906589173133483
298,45.14657,-0.74414,8.915756943678014
299,45.14647,-0.74419,8.927545578806967
300,45.14645,-0.74421,8.930268522424594
301,45.14642,-0.74423,8.933954967605446
302,45.14636,-0.74425,8.940806050212894
303,45.14633,-0.74425,8.94414008933428
304,45.14622,-0.74423,8.956465674643672
305,45.14606,-0.74416,8.975079937199832
306,45.14602,-0.74413,8.980112646598505
307,45.14593,-0.7441,8.990389273729665
308,45.1458,-0.74403,9.005850132475306
309,45.14575,-0.74399,9.01223556391742
310,45.14559,-0.74393,9.030632582791434
311,45.14555,-0.74393,9.035077967679955
312,45.14553,-0.74394,9.03743569883975
313,45.14552,-0.74395,9.03879717792568
314,45.1455,-0.74396,9.041154909212466
315,45.14549,-0.74397,9.042516388531762
316,45.14548,-0.74399,9.044442325558643
317,45.14546,-0.74401,9.047165284588422
318,45.14544,-0.74407,9.05238138237858
319,45.14544,-0.74411,9.05552726663491
320,45.14543,-0.74417,9.060375195749529
321,45.14544,-0.74483,9.112294186278023
322,45.14547,-0.74502,9.12760455719046
323,45.14535,-0.74508,9.141750947440018
324,45.14521,-0.74517,9.15884420501576
325,45.14516,-0.74523,9.166134251481868
326,45.14497,-0.74541,9.191556212347649
327,45.14483,-0.7455,9.208649488449534
328,45.14476,-0.74553,9.216778840854545
329,45.14468,-0.74555,9.22580768202262
330,45.14467,-0.74556,9.227169167724044
331,45.14446,-0.74558,9.250560382053118
332,45.14432,-0.74558,9.266119225935784
333,45.14428,-0.74559,9.270633647203978
334,45.14413,-0.7456,9.287322379204557
335,45.14402,-0.74559,9.299572457946752
336,45.1439,-0.74559,9.312908608837443
337,45.14378,-0.74561,9.326337205131857
338,45.14361,-0.74569,9.346250257737072
339,45.14352,-0.74575,9.35730968974269
340,45.14349,-0.74576,9.360735238508475
341,45.14345,-0.74579,9.365767995834663
342,45.14346,-0.74585,9.370616083862387
343,45.14346,-0.74598,9.380840561621357
344,45.14349,-0.74617,9.396151437143804
345,45.14351,-0.74621,9.400003399916404
346,45.1437,-0.74646,9.428856087828022
347,45.14376,-0.74652,9.437025046173423
348,45.14385,-0.74663,9.450249625035884
349,45.14389,-0.7467,9.457325739709017
350,45.14389,-0.74671,9.45811223208573
351,45.14391,-0.74676,9.462629378293778
352,45.14391,-0.74697,9.479145712429872
353,45.14372,-0.74845,9.597446455640902
354,45.14372,-0.74852,9.60295191864028
355,45.14455,-0.74876,9.69710512923005
356,45.14461,-0.74877,9.70381942704692
357,45.14466,-0.74877,9.709376157244803
358,45.14469,-0.74878,9.712801702982672
359,45.14472,-0.74884,9.718579566358438
360,45.14481,-0.74881,9.728856202876914
361,45.14484,-0.74882,9.73228174822852
362,45.14487,-0.74882,9.735615786475854
363,45.14547,-0.74902,9.804126675656658
364,45.1476,-0.74965,10.045973145212523
365,45.14753,-0.75006,10.07914244524867
366,45.14753,-0.75019,10.089366195479936
367,45.14752,-0.75026,10.09498234911181
368,45.14754,-0.75102,10.154793279968326
369,45.14759,-0.75154,10.196064048510424
370,45.14759,-0.75163,10.203142022014337
371,45.14767,-0.75222,10.250386146899249
372,45.14766,-0.75226,10.253722448611727
373,45.14777,-0.75323,10.330980426998718
374,45.14775,-0.7533,10.336917278586906
375,45.14781,-0.75347,10.351857351537417
376,45.14794,-0.75367,10.373214413108544
377,45.14803,-0.75378,10.386438583931193
378,45.14815,-0.7539,10.402776093389786
379,45.14816,-0.75392,10.404701970748377
380,45.14823,-0.75399,10.414232178878146
381,45.14875,-0.7544,10.480408740451269
382,45.14903,-0.75465,10.51721703907094
383,45.14912,-0.75476,10.53044110348956
384,45.14933,-0.75516,10.569610011717163
385,45.14955,-0.75569,10.617931965843745
386,45.1497,-0.75613,10.65634039751776
387,45.14977,-0.75649,10.685700621240496
388,45.1499,-0.75755,10.770302874682875
389,45.14989,-0.75762,10.77591880478661
390,45.15008,-0.7591,10.894207197223672
391,45.15009,-0.75911,10.895568640816172
392,45.15013,-0.75945,10.922673496143448
393,45.15016,-0.75956,10.931944227693052
394,45.15018,-0.75969,10.942406339753212
395,45.15043,-0.76064,11.022113787347159
396,45.15056,-0.76106,11.05816426005651
397,45.15058,-0.76116,11.06633634354227
398,45.15066,-0.7614,11.087199194607562
399,45.15026,-0.76231,11.17144497594661
400,45.1502,-0.7625,11.187807056798032
401,45.14987,-0.76385,11.300128187175455
402,45.14982,-0.76418,11.326667969742568
403,45.14927,-0.76652,11.520574879659582
404,45.14912,-0.76728,11.582624011674637
405,45.14912,-0.76732,11.585769693520398
406,45.14909,-0.7675,11.600312597179466
407,45.14907,-0.76803,11.642052133716334
408,45.14909,-0.76837,11.668882672739029
409,45.14909,-0.7686,11.68697035284042
410,45.14911,-0.76876,11.699747891999777
411,45.14911,-0.76883,11.705252836192434
412,45.14916,-0.76916,11.731792933665632
413,45.14931,-0.76992,11.793842025444826
414,45.14933,-0.77015,11.812065688856652
415,45.14933,-0.77026,11.820716282167236
416,45.14932,-0.77029,11.823324186771726
417,45.14937,-0.7703,11.828936294566576
418,45.1494,-0.7703,11.832270335470058
419,45.14948,-0.77033,11.841468810714112
420,45.14973,-0.77056,11.874621350444114
421,45.14989,-0.77084,11.90292404147908
422,45.15001,-0.77112,11.928667188541416
423,45.15002,-0.77113,11.930028632679383
424,45.15008,-0.77133,11.947111903339913
425,45.1501,-0.77154,11.963775357881639
426,45.15008,-0.77201,12.000803264287475
427,45.15002,-0.77229,12.023810175316779
428,45.14998,-0.77261,12.049364863758374
429,45.14993,-0.7726,12.054976970969195
430,45.14992,-0.77265,12.059063055352933
431,45.1499,-0.7735,12.125944814988273
432,45.14988,-0.77356,12.131160582121991
433,45.14989,-0.77364,12.137549266687108
434,45.14992,-0.77369,12.142704539220095
435,45.14997,-0.77382,12.154340412613408
436,45.15,-0.77398,12.16735717373466
437,45.15004,-0.77406,12.175060516453176
438,45.1501,-0.77411,12.182801591350744
439,45.15021,-0.77413,12.195127171317722
440,45.15074,-0.77408,12.254159668184531
441,45.15075,-0.77407,12.255521106639764
442,45.1516,-0.774,12.350145882136866
443,45.15177,-0.774,12.369038788229194
444,45.15359,-0.77416,12.571695006677388
445,45.15363,-0.77417,12.576209412809039
446,45.15506,-0.77429,12.735412062324233
447,45.15505,-0.77443,12.746476760013701
448,45.15505,-0.78092,13.256810714290863
449,45.155,-0.78206,13.346625449106895
450,45.15496,-0.78248,13.379949559559302
451,45.15489,-0.78283,13.408549836253178
452,45.15437,-0.78473,13.568742519786758
453,45.15434,-0.7848,13.575177945191257
454,45.15418,-0.78528,13.61690147854228
455,45.15424,-0.7853,13.623752520698924
456,45.15398,-0.78622,13.701653941762352
457,45.15396,-0.78626,13.70550543656416
458,45.15391,-0.78623,13.7115422013002
459,45.15393,-0.78619,13.715393698336287
460,45.15419,-0.78525,13.79475783918774
461,45.15421,-0.7852,13.799274370870465
462,45.15426,-0.78524,13.805659580260137
463,45.15437,-0.78521,13.81810994186811
464,45.15464,-0.78505,13.850647289055706
465,45.15476,-0.78501,13.864349368301852
466,45.15529,-0.78494,13.923507450454977
467,45.15545,-0.78493,13.941306398758444
468,45.15565,-0.78495,13.963588929506905
469,45.15572,-0.78498,13.971718165786653
470,45.15582,-0.78505,13.984120054270875
471,45.15586,-0.7851,13.990054640454261
472,45.15591,-0.78518,13.998448046528033
473,45.15596,-0.78528,14.00807656394596
474,45.15782,-0.79093,14.498079311834383
475,45.15791,-0.79105,14.511829706350474
476,45.15796,-0.79108,14.517866410195056
477,45.15804,-0.79109,14.5267919016583
478,45.15811,-0.79112,14.534921112454185
479,45.1582,-0.79113,14.544954109463227
480,45.15836,-0.79113,14.562735688761595
481,45.15838,-0.7912,14.56867159482964
482,45.15843,-0.7912,14.574228338481788
483,45.15873,-0.79114,14.607900932091956
484,45.15925,-0.791,14.666730142800734
485,45.15926,-0.791,14.667841491698372
486,45.15976,-0.79085,14.72464680392475
487,45.15975,-0.79077,14.731034419484178
488,45.15977,-0.79079,14.733757156053308
489,45.16159,-0.79023,14.940759692717155
490,45.16303,-0.78984,15.103705159823727
491,45.16306,-0.78984,15.107039208735507
492,45.16307,-0.78982,15.108964752856835
493,45.16314,-0.78975,15.118494148581231
494,45.16361,-0.78919,15.186808470385412
495,45.16367,-0.78918,15.193522759699038
496,45.16448,-0.78821,15.311503694195004
497,45.1645,-0.78814,15.317439054802401
498,45.16479,-0.78771,15.364146917239013
499,45.16486,-0.78759,15.376375112366201
500,45.16492,-0.78754,15.38411568463273
501,45.16494,-0.78747,15.390051006022738
502,45.16496,-0.78746,15.392408655304957
503,45.1671,-0.78387,15.761492448739931
504,45.16721,-0.78372,15.778478094669513
505,45.1673,-0.78356,15.794548804196616
506,45.1674,-0.78341,15.81075294352428
507,45.16768,-0.78293,15.859664350462971
508,45.1679,-0.78261,15.894745329036166
509,45.16795,-0.78255,15.902034177952492
510,45.16806,-0.78238,15.92014669274358
511,45.17096,-0.77865,16.355871315270136
512,45.17097,-0.77863,16.357796682803126
513,45.17132,-0.7782,16.409329641540864
514,45.17164,-0.77786,16.453816960212617
515,45.17173,-0.77778,16.465631919609343
516,45.17175,-0.77777,16.46798954024903
517,45.17279,-0.77691,16.601889761869774
518,45.17284,-0.77688,16.60792623918879
519,45.17367,-0.77617,16.715739187535725
520,45.17511,-0.77485,16.906468233081878
521,45.17531,-0.77472,16.930931781742476
522,45.17562,-0.77455,16.967884505866515
523,45.17583,-0.77446,16.992271573615028
524,45.17656,-0.77421,17.07574634519042
525,45.17663,-0.7742,17.083565421484987
526,45.17706,-0.77396,17.13494239329991
527,45.17724,-0.77381,17.158162862597617
528,45.17751,-0.77354,17.194916103934595
529,45.17788,-0.77305,17.2512569381553
530,45.17797,-0.7729,17.266718378692676
531,45.17844,-0.77224,17.340336346482996
532,45.17857,-0.7721,17.358497451394815
533,45.17857,-0.77209,17.359283466779967
534,45.17886,-0.77182,17.397872477978456
535,45.17931,-0.77146,17.455333491867872
536,45.17937,-0.7714,17.463500787046343
537,45.17945,-0.77134,17.47356496116301
538,45.17947,-0.77133,17.475922549235456
539,45.17959,-0.77123,17.49140270064728
540,45.17961,-0.77122,17.49376028813005
541,45.18037,-0.77063,17.590116366369525
542,45.18055,-0.77051,17.612232750083244
543,45.18058,-0.77059,17.61934989002997
544,45.18077,-0.77048,17.642167073951462
545,45.18098,-0.7704,17.666337695416136
546,45.18224,-0.77009,17.808472160439848
547,45.18249,-0.77001,17.83695859131704
548,45.18254,-0.77,17.842570667289
549,45.18283,-0.76987,17.87638074236639
550,45.18372,-0.76942,17.981424356173395
551,45.1838,-0.76941,17.990349856544018
552,45.18427,-0.76915,18.046438342008678
553,45.18493,-0.76871,18.127530728410203
554,45.18495,-0.76869,18.130253072942956
555,45.18577,-0.7681,18.232502694438736
556,45.1862,-0.76771,18.289275709413907
557,45.18666,-0.76724,18.352346131629453
558,45.18669,-0.76737,18.36309312937254
559,45.18671,-0.76742,18.367607721472556
560,45.18708,-0.76913,18.50814696290719
561,45.18713,-0.76912,18.51375903447486
562,45.18715,-0.76903,18.521173132880467
563,45.18717,-0.76899,18.525023143833312
564,45.18727,-0.76885,18.540661779940596
565,45.1873,-0.76882,18.544745241972542
566,45.1874,-0.76875,18.557145836373287
567,45.18744,-0.76873,18.56186094536239
568,45.18759,-0.76869,18.578825068468095
569,45.18783,-0.76869,18.605497575448563
570,45.18854,-0.76896,18.687206959635365
571,45.18855,-0.76896,18.688318314255643
572,45.18949,-0.76932,18.796548752726157
573,45.18952,-0.76931,18.799974182518238
574,45.18955,-0.76931,18.80330824696065
575,45.1902,-0.76971,18.88208933251549
576,45.19025,-0.76975,18.888473597177466
577,45.1903,-0.76977,18.89424837113151
578,45.19032,-0.76977,18.896471081062234
579,45.19034,-0.76978,18.89882862328007
580,45.19036,-0.76977,18.90118616541407
581,45.19038,-0.76975,18.903908425398793
582,45.1904,-0.76971,18.90775829191464
583,45.19065,-0.76892,18.97577406786929
584,45.19066,-0.76891,18.977135195643058
585,45.19067,-0.76891,18.97824655067714
586,45.19069,-0.76893,18.9809688058342
587,45.19086,-0.76903,19.00143102538539
588,45.19102,-0.76914,19.02120252163319
589,45.19103,-0.76914,19.022313876737382
590,45.19128,-0.7693,19.05281037125189
591,45.19154,-0.76949,19.085335245155076
592,45.19159,-0.76951,19.091110010656447
593,45.19157,-0.76959,19.097778063208494
594,45.19151,-0.77,19.13068016270617
595,45.19151,-0.77014,19.141681885368982
596,45.19153,-0.77021,19.147614836265088
597,45.19156,-0.77027,19.153389558562527
598,45.19162,-0.77035,19.162553970399898
599,45.19173,-0.77041,19.175656629961942
600,45.19205,-0.77047,19.21153119413424
601,45.19222,-0.77052,19.230828477582
602,45.19233,-0.77057,19.243669291049873
603,45.19237,-0.77058,19.24818363420046
604,45.19244,-0.77062,19.256574150455055
605,45.19257,-0.77076,19.27473364965028
606,45.19272,-0.77101,19.30049888398329
607,45.19275,-0.77112,19.309763611196836
608,45.19275,-0.77117,19.313692712540632
609,45.19278,-0.77116,19.31711813390247
610,45.19287,-0.77108,19.3289318863534
611,45.1929,-0.77104,19.33351404392351
612,45.19298,-0.77096,19.344402923792103
613,45.19303,-0.77086,19.354027297731445
614,45.19309,-0.77077,19.36374748538149
615,45.19318,-0.77072,19.37449372319909
616,45.19319,-0.77071,19.37585483127489
617,45.19325,-0.7707,19.382569107392374
618,45.19337,-0.7707,19.395905374016255
619,45.19352,-0.77073,19.41274157046981
620,45.19386,-0.77083,19.451336103908915
621,45.19449,-0.77105,19.523454196721882
622,45.19461,-0.77108,19.536997215443055
623,45.19476,-0.77115,19.554551595425156
624,45.19484,-0.77093,19.57399130292286
625,45.19489,-0.77082,19.584267070232336
626,45.19501,-0.77046,19.615541531577605
627,45.19512,-0.77006,19.649266745037952
628,45.19521,-0.76981,19.671311185569134
629,45.19528,-0.76972,19.681824734458537
630,45.19534,-0.76966,19.68999128364886
631,45.19545,-0.76964,19.702316801301812
632,45.1958,-0.76969,19.741412180685487
633,45.19616,-0.76977,19.781911834545802
634,45.19617,-0.76977,19.783023190656415
635,45.19634,-0.76983,19.80249561352813
636,45.19757,-0.77041,19.946589437772246
637,45.19773,-0.77045,19.964646775907944
638,45.19786,-0.77046,19.979115760673572
639,45.1979,-0.77048,19.98383078140795
640,45.19867,-0.77056,20.069635793495088
641,45.19872,-0.77055,20.07524785394244
642,45.1988,-0.77055,20.084138706877734
643,45.19887,-0.77054,20.09195778268395
644,45.199,-0.77048,20.107155146583846
645,45.19907,-0.77042,20.116251638270516
646,45.19916,-0.77032,20.128970985400496
647,45.19939,-0.77002,20.163741810934336
648,45.19959,-0.76969,20.19789380919585
649,45.19964,-0.76956,20.20952190169599
650,45.19969,-0.76939,20.22398896861138
651,45.2002,-0.76722,20.403664500507073
652,45.20024,-0.76715,20.410736421831498
653,45.20029,-0.76709,20.418023567298857
654,45.20036,-0.76704,20.42673874588428
655,45.20042,-0.76701,20.43381124521973
656,45.2005,-0.76701,20.442702100813957
657,45.20107,-0.76712,20.506636323437956
658,45.20113,-0.76712,20.51330446588296
659,45.2012,-0.76713,20.521123541637984
660,45.20125,-0.76715,20.526898243864807
661,45.20181,-0.76717,20.589154079723222
662,45.20218,-0.76715,20.63030431180883
663,45.20282,-0.767,20.702400946703417
664,45.20295,-0.76696,20.717186453055056
665,45.20302,-0.76693,20.725315184941167
666,45.20309,-0.76687,20.73441150928073
667,45.20312,-0.76691,20.738993285276184
668,45.20327,-0.76676,20.75940873738007
669,45.20363,-0.76654,20.80299169617804
670,45.20368,-0.76677,20.821897191711752
671,45.20375,-0.76701,20.842295030808568
672,45.20388,-0.76737,20.874055413210506
673,45.20391,-0.76738,20.877480805785392
674,45.20392,-0.76739,20.87884183031996
675,45.20393,-0.76739,20.879953187947
676,45.20442,-0.76715,20.93758181515881
677,45.20457,-0.7671,20.954708770275055
678,45.20468,-0.76708,20.9670342752158
679,45.20497,-0.76705,20.999349719907503
680,45.20497,-0.76704,21.00013537199053
681,45.20516,-0.76703,21.02126578183495
682,45.20533,-0.76699,21.04041844526058
683,45.20534,-0.76699,21.041529803162213
684,45.20552,-0.76694,21.06191628652057
685,45.20583,-0.7668,21.098081530095246
686,45.20589,-0.76675,21.10582071265951
687,45.20623,-0.76663,21.144765229551997
688,45.20636,-0.76657,21.15996242268514
689,45.2064,-0.76656,21.164476743026885
690,45.20667,-0.76645,21.195703066578876
691,45.20699,-0.76634,21.232301456290568
692,45.20706,-0.76633,21.240120531917043
693,45.20709,-0.76634,21.243545916267585
694,45.20715,-0.76635,21.25026018618339
695,45.20727,-0.76635,21.263596485404594
696,45.20796,-0.7664,21.340380752217815
697,45.20801,-0.76641,21.34599280375205
698,45.20828,-0.76643,21.37604058998529
699,45.20856,-0.7665,21.407640809158092
700,45.2086,-0.7665,21.412086243303282
701,45.20863,-0.76678,21.43433433586305
702,45.20879,-0.76755,21.497384958797728
703,45.20885,-0.76792,21.527207171950824
704,45.2089,-0.76868,21.587170673073967
705,45.20894,-0.769,21.61269982466073
706,45.20899,-0.76905,21.619504750731647
707,45.21011,-0.76885,21.744964636637825
708,45.21002,-0.76779,21.828834883951743
709,45.21,-0.7677,21.836246282532034
710,45.20991,-0.7665,21.931045440924994
711,45.20997,-0.76651,21.93775970958312
712,45.21,-0.76652,21.941185086407277
713,45.21138,-0.76647,22.094602910977724
714,45.2115,-0.76645,22.108031446957625
715,45.21199,-0.76608,22.16975935535072
716,45.21228,-0.76591,22.204645965919134
717,45.21246,-0.76582,22.225863009068057
718,45.21269,-0.76573,22.252383983666345
719,45.21277,-0.76569,22.261813774546468
720,45.213,-0.76561,22.288136223057883
721,45.21339,-0.76544,22.333489842791085
722,45.2134,-0.76543,22.334850793510633
723,45.21342,-0.76532,22.34377298743631
724,45.21342,-0.76527,22.34770066625306
725,45.2134,-0.76516,22.35662286017874
726,45.2134,-0.76503,22.36683482868162
727,45.21335,-0.7643,22.424447589580073
728,45.21337,-0.7642,22.432611366452377
729,45.2135,-0.76427,22.448070069611084
730,45.21379,-0.7644,22.48187863837455
731,45.21419,-0.76453,22.527490855788816
732,45.21444,-0.76458,22.55555108309408
733,45.21479,-0.76461,22.594519992194265
734,45.21484,-0.7646,22.600132037175335
735,45.21487,-0.76461,22.60355740140274
736,45.21523,-0.76462,22.643574064642873
737,45.21623,-0.76487,22.756431693153637
738,45.21669,-0.76495,22.807939018291073
739,45.21687,-0.765,22.82832539030865
740,45.21707,-0.76511,22.85217291270302
741,45.21707,-0.76512,22.852958398216458
742,45.21717,-0.76518,22.865030003798758
743,45.21728,-0.76526,22.878775428222294
744,45.21738,-0.76536,22.892384629024903
745,45.2175,-0.76544,22.907127227307928
746,45.21757,-0.76552,22.917127603221633
747,45.21773,-0.76577,22.943619120852926
748,45.2178,-0.76592,22.957737894561134
749,45.21814,-0.76682,23.037895501184828
750,45.2183,-0.76713,23.068046658786145
751,45.21839,-0.76727,23.082911685812377
752,45.21844,-0.76733,23.090197875088712
753,45.21864,-0.7675,23.11612756937293
754,45.21868,-0.76752,23.12084241477971
755,45.2187,-0.76754,23.123564233760916
756,45.21876,-0.76758,23.13093550399035
757,45.21892,-0.76764,23.149331195555668
758,45.21904,-0.76766,23.162759724807493
759,45.2191,-0.76768,23.169610431459205
760,45.21989,-0.76785,23.25841749188693
761,45.21994,-0.76787,23.264192071682924
762,45.22045,-0.76799,23.32164980376565
763,45.22058,-0.76801,23.336182643666678
764,45.22173,-0.76828,23.465736588272986
765,45.22175,-0.76829,23.468093997981526
766,45.22193,-0.76833,23.488343693812794
767,45.22199,-0.76835,23.495194385516086
768,45.22204,-0.76835,23.500751191323804
769,45.22335,-0.76865,23.648233871537393
770,45.22334,-0.76873,23.65461459545499
771,45.22351,-0.76924,23.69890204140883
772,45.22356,-0.76939,23.7119277403048
773,45.22425,-0.77139,23.88672480545205
774,45.22427,-0.77143,23.89057315706927
775,45.22432,-0.7714,23.896608850615884
776,45.22461,-0.77197,23.95177054546436
777,45.22464,-0.772,23.955853135292042
778,45.22481,-0.77202,23.974811467431394
779,45.22498,-0.77202,23.993704616749202
780,45.22514,-0.77205,24.011641821673248
781,45.22529,-0.77209,24.028605668853295
782,45.22543,-0.77214,24.044652622503055
783,45.22544,-0.77215,24.04601347947078
784,45.22564,-0.77224,24.069337527434243
785,45.22577,-0.77232,24.085092254072467
786,45.22583,-0.77222,24.095394893419403
787,45.22586,-0.77213,24.103210054426853
788,45.22623,-0.77034,24.24968040376867
789,45.22627,-0.77036,24.254395185132577
790,45.22643,-0.77048,24.274520031172198
791,45.22648,-0.77055,24.28233671716855
792,45.22657,-0.77062,24.293750197778557
793,45.22675,-0.77079,24.31780077266177
794,45.22975,-0.77445,24.758003175739834
795,45.22978,-0.7745,24.76315428882079
796,45.22983,-0.77455,24.76995840351323
797,45.23015,-0.77496,24.81793190018714
798,45.2303,-0.7752,24.84309386613552
799,45.23035,-0.7753,24.85271406684969
800,45.23042,-0.77557,24.87529935362311
801,45.23045,-0.77582,24.895212983709808
802,45.23048,-0.77648,24.947149980856963
803,45.23054,-0.77647,24.953864240339495
804,45.23064,-0.77652,24.9656511022014
805,45.23109,-0.77665,25.0166937667271
806,45.23127,-0.77673,25.037661575738806
807,45.23135,-0.77673,25.046552479564507
808,45.23191,-0.77682,25.109188821142084
809,45.23239,-0.77684,25.16255736652564
810,45.23258,-0.77681,25.183804275940744
811,45.23272,-0.77676,25.199851126108697
812,45.23396,-0.7762,25.34450625335019
813,45.23446,-0.77592,25.404266188749574
814,45.23536,-0.77529,25.515853995890087
815,45.23538,-0.77527,25.518575555094074
816,45.23545,-0.77523,25.526965238918468
817,45.23554,-0.77516,25.5383783168962
818,45.23559,-0.77514,25.544152794174718
819,45.2358,-0.77501,25.56962621071392
820,45.23639,-0.77472,25.639038220325226
821,45.23716,-0.77441,25.72800788616776
822,45.23799,-0.77413,25.822835011819855
823,45.23907,-0.77386,25.944720249795388
824,45.239,-0.77305,26.008794109008882
825,45.23885,-0.77254,26.05216990263825
826,45.23883,-0.77236,26.06647696088352
827,45.23879,-0.77096,26.176492873311435
828,45.23876,-0.77077,26.19177944236211
829,45.23866,-0.77074,26.203139977712116
830,45.23867,-0.77067,26.208747529028013
831,45.23856,-0.77002,26.26122851799713
832,45.23843,-0.76955,26.30085980422372
833,45.23836,-0.76935,26.318384983625748
834,45.23818,-0.76894,26.356287061967627
835,45.23828,-0.76897,26.36764760051359
836,45.23856,-0.76903,26.39912040528644
837,45.23873,-0.76912,26.41929194481249
838,45.23887,-0.76922,26.436720008719988
839,45.23918,-0.76954,26.479361184297463
840,45.23921,-0.76958,26.483941612580885
841,45.23933,-0.76965,26.498366166025082
842,45.23945,-0.7697,26.512268378383098
843,45.23965,-0.76975,26.534839710457494
844,45.24006,-0.7698,26.580574469876424
845,45.24016,-0.76983,26.591934995910247
846,45.24017,-0.77,26.605329030361606
847,45.24016,-0.77048,26.643033452471172
848,45.24017,-0.77079,26.667399003647546
849,45.24019,-0.77087,26.67406201620212
850,45.2402,-0.7711,26.692155024017843
851,45.24026,-0.77161,26.732749929183385
852,45.24025,-0.77169,26.739128819208293
853,45.24027,-0.77191,26.75654489557493
854,45.24026,-0.77299,26.84135011799279
855,45.24021,-0.77334,26.86938713306866
856,45.24017,-0.77352,26.88420280166811
857,45.24016,-0.77367,26.896032633784817
858,45.24015,-0.77371,26.899364141358515
859,45.24015,-0.77386,26.91114165677532
860,45.24014,-0.77394,26.917520558731756
861,45.24015,-0.77507,27.00625147624297
862,45.24013,-0.77537,27.029911150760093
863,45.23998,-0.77616,27.094140590554876
864,45.23998,-0.77619,27.096496100662513
865,45.24002,-0.77621,27.101210766007885
866,45.23996,-0.77648,27.123434339784048
867,45.23988,-0.77699,27.16445320665173
868,45.23987,-0.77724,27.184113929973286
869,45.2399,-0.77769,27.219603599081648
870,45.24021,-0.77885,27.31698150040739
871,45.24033,-0.77917,27.345426892213187
872,45.24034,-0.77921,27.348758390450193
873,45.24055,-0.77978,27.39923257034749
874,45.2407,-0.78031,27.444061037152945
875,45.24085,-0.78121,27.51666510353415
876,45.241,-0.78195,27.57711097066713
877,45.24104,-0.78221,27.598003445068123
878,45.24113,-0.78362,27.709161205481532
879,45.2412,-0.78397,27.73772154075904
880,45.24154,-0.78529,27.848034935966407
881,45.24155,-0.78536,27.853642215236636
882,45.24158,-0.78536,27.856976310184294
883,45.24158,-0.78537,27.857761458182974
884,45.2416,-0.78537,27.859984188157227
885,45.2416,-0.78538,27.86076933588043
886,45.24161,-0.78538,27.86188070087136
887,45.24161,-0.78539,27.86266584845684
888,45.24162,-0.78539,27.863777213448778
889,45.24162,-0.78541,27.865347508344257
890,45.24163,-0.78541,27.866458873338612
891,45.24164,-0.78547,27.871299075297237
892,45.24164,-0.78554,27.876795105503124
893,45.24163,-0.78554,27.877906470498484
894,45.24163,-0.78555,27.878691617808485
895,45.24166,-0.78569,27.890178199559358
896,45.24177,-0.78652,27.95648208911117
897,45.2418,-0.78667,27.968722109652198
898,45.24174,-0.78669,27.97557269887782
899,45.24173,-0.78678,27.982725873587135
900,45.24171,-0.78686,27.989388726375225
901,45.24157,-0.7872,28.020287094190213
902,45.2413,-0.78771,28.070325330362454
903,45.24099,-0.78848,28.139909763843594
904,45.24094,-0.78869,28.157309242773103
905,45.24092,-0.78894,28.177063613841472
906,45.24092,-0.78914,28.192766755623392
907,45.24096,-0.78946,28.218282018525297
908,45.24096,-0.7895,28.22142264467795
909,45.24098,-0.78968,28.235729181406395
910,45.24164,-0.78959,28.309418858908117
911,45.24173,-0.78953,28.320474992507137
912,45.24187,-0.78937,28.340472437031398
913,45.24199,-0.78914,28.36292151269258
914,45.24206,-0.78903,28.374545266916623
915,45.24209,-0.789,28.37862744907441
916,45.24213,-0.78899,28.383141711328264
917,45.24216,-0.78899,28.38647580661337
918,45.24262,-0.78911,28.438459531689798
919,45.24265,-0.78913,28.442144898909895
920,45.24268,-0.78916,28.446227067283644
921,45.24272,-0.78919,28.45125797378923
922,45.24274,-0.78915,28.455105499050532
923,45.24279,-0.7892,28.461909109113037
924,45.24288,-0.78923,28.472184984688738
925,45.24293,-0.78924,28.477797002718876
926,45.24298,-0.78923,28.48340902070184
927,45.24336,-0.78905,28.527942747727895
928,45.2434,-0.78902,28.532973641548338
929,45.24387,-0.78883,28.58729614072851
930,45.24393,-0.78882,28.594010394236275
931,45.24403,-0.78877,28.605796973642526
932,45.2443,-0.78866,28.637021911106697
933,45.24448,-0.7886,28.657573638126724
934,45.24457,-0.78856,28.668057344776972
935,45.24463,-0.78855,28.67477159797347
936,45.24464,-0.78854,28.676132305422875
937,45.24485,-0.78848,28.699941628749055
938,45.24527,-0.78839,28.747150766591716
939,45.24576,-0.78833,28.801811042399272
940,45.24582,-0.78831,28.808661610831027
941,45.24588,-0.7883,28.81537586347038
942,45.24594,-0.7883,28.822044058459383
943,45.24686,-0.78815,28.92496565740123
944,45.24711,-0.78809,28.953146276737993
945,45.24738,-0.788,28.983973800808755
946,45.24743,-0.78799,28.989585814521234
947,45.24787,-0.78783,29.040073440627214
948,45.24813,-0.78776,29.069486886756273
949,45.24878,-0.78766,29.14215102328423
950,45.24918,-0.78752,29.18794415408591
951,45.24921,-0.7875,29.191629447786138
952,45.24919,-0.78743,29.197557253262428
953,45.2493,-0.78737,29.210658317654048
954,45.24947,-0.78726,29.231431499465465
955,45.25006,-0.78692,29.30222646686645
956,45.25015,-0.78688,29.31271009078572
957,45.25021,-0.78682,29.32087407637577
958,45.25037,-0.7867,29.340997136021524
959,45.25057,-0.78653,29.366923088498687
960,45.25084,-0.78627,29.403213665606284
961,45.25121,-0.78578,29.459521082489474
962,45.25127,-0.78573,29.467258725476984
963,45.25138,-0.78474,29.545930731534533
964,45.25139,-0.78449,29.565587497733244
965,45.25134,-0.78447,29.571361871509897
966,45.25131,-0.78379,29.62484682787999
967,45.2513,-0.78279,29.703356098510596
968,45.25131,-0.7827,29.710508101510236
969,45.25132,-0.78239,29.734868896605395
970,45.25151,-0.78054,29.881623310137435
971,45.25151,-0.78045,29.888688411086058
972,45.25179,-0.77825,30.064171580622066
973,45.25177,-0.77717,30.14898152246846
974,45.2518,-0.7771,30.155408950065762
975,45.25192,-0.77712,30.16883744998105
976,45.25236,-0.77712,30.21773760013844
977,45.25277,-0.77715,30.263364468437697
978,45.25308,-0.7772,30.29803970475202
979,45.25324,-0.77721,30.315838899118535
980,45.25378,-0.77729,30.376180403596386
981,45.25401,-0.7773,30.40175390390342
982,45.25433,-0.77734,30.437456002763582
983,45.25439,-0.77734,30.444124207661293
984,45.25615,-0.77716,30.640234567761127
985,45.2562,-0.77716,30.645791406948877
986,45.25708,-0.77704,30.744044329742138
987,45.25722,-0.77703,30.759623268852568
988,45.25758,-0.77698,30.79982455027188
989,45.25799,-0.77689,30.845935000309748
990,45.2585,-0.77674,30.903824717119484
991,45.25898,-0.77653,30.959658896915858
992,45.25929,-0.77635,30.99689568623011
993,45.25988,-0.77596,31.06925977636037
994,45.2603,-0.77562,31.123027324178263
995,45.26049,-0.77544,31.14843374054906
996,45.26107,-0.77494,31.223899745023875
997,45.26119,-0.77486,31.23864038478587
998,45.26132,-0.77479,31.254097562233056
999,45.2617,-0.77468,31.297203043126878
1000,45.26192,-0.77466,31.321703497894674
1001,45.26216,-0.77462,31.34856047956137
1002,45.26216,-0.77468,31.353269666502737
1003,45.26225,-0.77468,31.363271987647195
1004,45.26247,-0.77463,31.388035035088098
1005,45.26257,-0.77459,31.399583636490494
1006,45.26307,-0.77432,31.459055612491497
1007,45.26325,-0.77424,31.480022473210283
1008,45.26328,-0.77422,31.483707609222563
1009,45.26331,-0.77422,31.487041716909662
1010,45.26334,-0.77415,31.49346819655698
1011,45.26342,-0.77406,31.50482354414406
1012,45.26345,-0.77404,31.50850867824969
1013,45.26359,-0.77383,31.53117442782814
1014,45.26362,-0.77377,31.536944314466776
1015,45.26376,-0.77358,31.55849556182678
1016,45.26381,-0.77353,31.56529835334593
1017,45.26393,-0.77337,31.583616379813947
1018,45.26413,-0.77316,31.611287670476443
1019,45.26426,-0.77307,31.62736972317039
1020,45.26431,-0.77302,31.634172495218053
1021,45.26437,-0.77298,31.641542743145223
1022,45.26444,-0.77289,31.65205059834555
1023,45.26449,-0.77281,31.660435116598812
1024,45.26458,-0.77261,31.679047770104184
1025,45.26463,-0.77263,31.684822057146476
1026,45.26479,-0.77202,31.73589233054729
1027,45.26474,-0.772,31.74166661654127
1028,45.26471,-0.77214,31.753148942557928
1029,45.26469,-0.7722,31.75835615223775
1030,45.2644,-0.77208,31.791933716917963
1031,45.26405,-0.77189,31.833592007994397
1032,45.2634,-0.77162,31.908874955344043
1033,45.26324,-0.77154,31.92773282962617
1034,45.26318,-0.7715,31.935103102884252
1035,45.2628,-0.7714,31.978058238287993
1036,45.26274,-0.77141,31.98477248337974
1037,45.26245,-0.77138,32.01708808061483
1038,45.26211,-0.77145,32.05527194646665
1039,45.2619,-0.77146,32.07862388852437
1040,45.26178,-0.77143,32.092166579053995
1041,45.26171,-0.77142,32.09998565347718
1042,45.2614,-0.77131,32.1355033868462
1043,45.261,-0.77111,32.18264825143943
1044,45.26058,-0.77078,32.23603043410426
1045,45.26024,-0.77054,32.278252076256145
1046,45.26003,-0.77041,32.30372383118368
1047,45.25985,-0.77043,32.323789962735006
1048,45.2598,-0.77041,32.32956428109137
1049,45.2598,-0.7703,32.338198148163706
1050,45.25983,-0.76997,32.36431344737251
1051,45.25998,-0.7694,32.412057440076445
1052,45.26008,-0.76885,32.456634233166355
1053,45.26008,-0.76879,32.461343592059
1054,45.26007,-0.76872,32.46694912066621
1055,45.25982,-0.76821,32.51567627000084
1056,45.25982,-0.7682,32.51646116673185
1057,45.25967,-0.76772,32.55765969964127
1058,45.25962,-0.7676,32.56859551689272
1059,45.25924,-0.76699,32.63243863202807
1060,45.25918,-0.76685,32.645292267405786
1061,45.25911,-0.76665,32.66281233701888
1062,45.25897,-0.76592,32.72218553268627
1063,45.25873,-0.76606,32.75103328588118
1064,45.2585,-0.76614,32.77735473158151
1065,45.25829,-0.76613,32.80070666050316
1066,45.25813,-0.76611,32.81855771272743
1067,45.25806,-0.76609,32.82649409897595
1068,45.25775,-0.76604,32.86116932643934
1069,45.25769,-0.76602,32.86801983315689
1070,45.25725,-0.76592,32.91754599329642
1071,45.25705,-0.7659,32.939828722933626
1072,45.25684,-0.76592,32.96322018960826
1073,45.25547,-0.76623,33.11740976898952
1074,45.25542,-0.76623,33.122966607465145
1075,45.25469,-0.7664,33.20518657019956
1076,45.25434,-0.7665,33.2448685749949
1077,45.25427,-0.76651,33.25268764958248
1078,45.25372,-0.76671,33.31579681336784
1079,45.25375,-0.76636,33.34347269606804
1080,45.25375,-0.76612,33.36231222466101
1081,45.2538,-0.76612,33.367869061504365
1082,45.25377,-0.76661,33.40647730678277
1083,45.25373,-0.76664,33.41150800714538
1084,45.25277,-0.76711,33.524398313313704
1085,45.25272,-0.76717,33.53168269364891
1086,45.2526,-0.76722,33.545584677799035
1087,45.25255,-0.76726,33.55196730546131
1088,45.25254,-0.76731,33.55604659982599
1089,45.25246,-0.76735,33.56547571956839
1090,45.25232,-0.76747,33.583664260275505
1091,45.25219,-0.7676,33.60135268563458
1092,45.25203,-0.76781,33.625600412631655
1093,45.25203,-0.76782,33.6263854166847
1094,45.25191,-0.76804,33.64820550570097
1095,45.25161,-0.76876,33.71382712224203
1096,45.25158,-0.76881,33.71897709773861
1097,45.25155,-0.76889,33.7260873494297
1098,45.25151,-0.76896,33.733155450301645
1099,45.25139,-0.76927,33.760905586149455
1100,45.25125,-0.76955,33.78783557231558
1101,45.25123,-0.76957,33.79055688433535
1102,45.25119,-0.76965,33.79825117594119
1103,45.25091,-0.76996,33.83775516972345
1104,45.25086,-0.76992,33.84413784176194
1105,45.25028,-0.76937,33.92172130017724
1106,45.2501,-0.76918,33.94667441442367
1107,45.25006,-0.76925,33.9537426232894
1108,45.24987,-0.76907,33.979150445832516
1109,45.24967,-0.76894,34.003608688540936
1110,45.24957,-0.7689,34.01515745895695
1111,45.24924,-0.7688,34.052663343901436
1112,45.24888,-0.76872,34.09316245957728
1113,45.24879,-0.76869,34.10343828859675
1114,45.24863,-0.76866,34.12137543850504
1115,45.24858,-0.76863,34.12741076190394
1116,45.24859,-0.7686,34.130014967738965
1117,45.24858,-0.7686,34.13112633409442
1118,45.24855,-0.76858,34.13481163485552
1119,45.24844,-0.76858,34.14703666455894
1120,45.24844,-0.76859,34.147821718066126
1121,45.24838,-0.76859,34.154489915986595
1122,45.24819,-0.76861,34.1756641692203
1123,45.24814,-0.76859,34.1814385639593
1124,45.24811,-0.76856,34.18552060476796
1125,45.24805,-0.76852,34.1928912171629
1126,45.248,-0.76847,34.19969462240371
1127,45.24791,-0.76841,34.21075054519898
1128,45.24786,-0.76839,34.216524941772434
1129,45.24776,-0.76837,34.22774896842041
1130,45.24764,-0.76837,34.241085362596095
1131,45.24753,-0.76838,34.25333557202002
1132,45.2475,-0.76839,34.256760851772775
1133,45.24749,-0.76838,34.25812153694923
1134,45.24749,-0.76828,34.26597220288345
1135,45.24689,-0.76814,34.33355390386385
1136,45.24553,-0.76789,34.485968681233565
1137,45.24552,-0.76809,34.5017098360894
1138,45.24519,-0.76809,34.538384904950455
1139,45.24515,-0.76808,34.54289916222808
1140,45.24513,-0.76807,34.54525647321474
1141,45.24512,-0.76805,34.54718018226217
1142,45.24514,-0.76779,34.56771341921265
1143,45.24515,-0.76774,34.57179320358763
1144,45.2451,-0.76772,34.5775676182403
1145,45.24552,-0.76472,34.817677342045776
1146,45.24552,-0.76466,34.82238790442241
1147,45.24571,-0.76298,34.95596302671826
1148,45.24569,-0.76285,34.96640844549666
1149,45.24571,-0.76272,34.976853864275064
1150,45.24567,-0.76122,35.09470144848384
1151,45.24569,-0.76117,35.099212518560456
1152,45.24572,-0.76114,35.103294615909064
1153,45.24612,-0.76112,35.147776970605676
1154,45.24664,-0.76107,35.20570116035361
1155,45.24643,-0.75553,35.64126107077438
1156,45.24642,-0.75546,35.64686788904861
1157,45.24642,-0.75525,35.66335459702881
1158,45.24641,-0.75518,35.66896141624829
1159,45.24638,-0.7541,35.753815764337546
1160,45.24637,-0.75401,35.76096837097021
1161,45.24637,-0.75372,35.783735749582696
1162,45.24634,-0.75322,35.82313119942917
1163,45.24632,-0.75313,35.83053830838102
1164,45.24627,-0.75297,35.84427385851147
1165,45.24592,-0.75223,35.914189701716325
1166,45.24589,-0.75213,35.92271921458503
1167,45.24588,-0.75204,35.92987188120977
1168,45.24588,-0.75186,35.94400347908137
1169,45.24593,-0.75131,35.987539429253616
1170,45.24594,-0.75126,35.99161916132012
1171,45.24431,-0.75077,36.17681148450692
1172,45.24208,-0.75025,36.4279861785124
1173,45.24138,-0.75005,36.50735071349637
1174,45.24003,-0.74957,36.66204601904038
1175,45.24004,-0.74949,36.66842493292781
1176,45.24001,-0.74949,36.67175902697255
1177,45.2377,-0.74864,36.93701767969335
1178,45.2374,-0.74856,36.97094519349254
1179,45.23711,-0.74846,37.00411746555768
1180,45.23625,-0.74823,37.101386080804154
1181,45.23593,-0.74816,37.137371982063705
1182,45.23586,-0.74816,37.14515152918352
1183,45.23492,-0.74801,37.25028162373328
1184,45.23135,-0.74758,37.6484726015178
1185,45.23126,-0.74758,37.658474868313796
1186,45.22837,-0.74722,37.98090052234404
1187,45.2281,-0.7472,38.01094838551828
1188,45.22777,-0.74722,38.04765696006738
1189,45.22728,-0.74731,38.1025704853347
1190,45.22681,-0.74744,38.15579291814946
1191,45.22671,-0.74745,38.1669342532229
1192,45.22405,-0.7479,38.464661556015415
1193,45.22308,-0.74798,38.5726465679179
1194,45.22306,-0.74799,38.57500397201654
1195,45.22302,-0.74799,38.579449417463394
1196,45.22272,-0.74806,38.61324050864313
1197,45.22273,-0.74814,38.61962129979073
1198,45.22275,-0.7482,38.62483163861947
1199,45.22277,-0.74833,38.63528106845303
1200,45.22278,-0.74836,38.637886236562444
1201,45.22279,-0.74849,38.64815683151165
1202,45.22272,-0.7485,38.65597590679106
1203,45.22272,-0.74853,38.65833212996002
1204,45.22269,-0.74866,38.66907300536416
1205,45.22263,-0.7488,38.68193264424981
1206,45.22242,-0.7492,38.72106933845796
1207,45.22231,-0.74946,38.744869676799006
1208,45.22221,-0.7499,38.78117095555439
1209,45.22217,-0.75037,38.81835217029709
1210,45.22219,-0.75089,38.859254197428804
1211,45.22223,-0.75122,38.885551351151896
1212,45.22223,-0.7513,38.891834666909645
1213,45.22231,-0.75206,38.95218463011374
1214,45.22232,-0.75227,38.96871570933367
1215,45.22234,-0.75237,38.97687829885617
1216,45.22237,-0.7527,39.00301048233256
1217,45.22238,-0.75334,39.05328916489861
1218,45.22234,-0.7536,39.07418816441872
1219,45.22231,-0.75369,39.08200371906966
1220,45.22229,-0.75379,39.09016631256385
1221,45.22216,-0.7542,39.12546085124607
1222,45.22215,-0.75421,39.12682173375562
1223,45.22206,-0.7546,39.15904466591563
1224,45.22206,-0.75475,39.170825918071756
1225,45.22209,-0.75492,39.184587975103994
1226,45.22211,-0.75497,39.18910045360233
1227,45.22211,-0.75498,39.1898858697243
1228,45.22213,-0.75501,39.193125067019125
1229,45.22218,-0.75512,39.203397373050024
1230,45.2222,-0.75515,39.206636568262084
1231,45.22225,-0.75507,39.21502454518808
1232,45.2223,-0.75516,39.22401592782909
1233,45.22233,-0.75518,39.22770152276964
1234,45.22241,-0.75522,39.23713115097545
1235,45.22315,-0.75534,39.3199101775604
1236,45.22319,-0.75534,39.32435562311147
1237,45.22324,-0.75536,39.33013018129014
1238,45.22335,-0.75538,39.342455660515206
1239,45.22337,-0.75538,39.3446783833648
1240,45.2234,-0.75539,39.34810372552923
1241,45.2234,-0.75548,39.35517231076993
1242,45.22339,-0.75554,39.36001397878292
1243,45.22339,-0.75563,39.36708256526284
1244,45.22336,-0.75592,39.39010185964608
1245,45.22333,-0.75591,39.39352720191488
1246,45.22323,-0.75591,39.40464081600401
1247,45.22216,-0.75577,39.52406375996844
1248,45.22195,-0.75576,39.54741555666498
1249,45.22192,-0.75577,39.550840902581236
1250,45.22191,-0.75577,39.551952263722974
1251,45.22189,-0.75578,39.55430967275729
1252,45.22181,-0.75584,39.56437226366294
1253,45.22174,-0.75592,39.574372350642044
1254,45.22166,-0.75606,39.588512995066225
1255,45.22166,-0.75607,39.589298417384114
1256,45.22151,-0.75649,39.62625915942401
1257,45.22148,-0.75661,39.63625658548614
1258,45.22143,-0.75658,39.642292322273626
1259,45.22136,-0.75656,39.65022885933768
1260,45.22096,-0.7565,39.69493238919539
1261,45.22093,-0.75649,39.698357737671685
1262,45.2205,-0.75645,39.74624941846889
1263,45.22039,-0.75646,39.75849959362755
1264,45.22029,-0.7565,39.77004874765242
1265,45.22013,-0.75659,39.78918410588955
1266,45.22004,-0.75666,39.800597875560484
1267,45.21984,-0.75688,39.82875175619269
1268,45.2198,-0.75695,39.83582221837913
1269,45.21973,-0.75704,39.84633374897687
1270,45.21956,-0.75737,39.87840849232518
1271,45.21938,-0.75765,39.90813822821565
1272,45.21921,-0.75786,39.93321851229819
1273,45.21915,-0.75792,39.94138394634827
1274,45.21907,-0.75802,39.953247426810655
1275,45.21815,-0.75903,40.082660036441304
1276,45.21799,-0.75912,40.10179548642308
1277,45.2178,-0.75919,40.12361544283386
1278,45.21666,-0.7594,40.25137979491952
1279,45.21658,-0.75943,40.2605776608388
1280,45.21603,-0.75959,40.32298114244711
1281,45.21591,-0.75964,40.33688375755818
1282,45.21575,-0.75974,40.35632321210429
1283,45.2157,-0.75978,40.36270680731396
1284,45.2156,-0.7599,40.37727947721734
1285,45.21551,-0.76005,40.39273503754712
1286,45.21544,-0.7602,40.40685420417697
1287,45.21538,-0.76042,40.425377261987364
1288,45.21535,-0.76062,40.44143733153807
1289,45.21529,-0.7609,40.46442019937172
1290,45.21509,-0.76166,40.52812265521009
1291,45.21505,-0.76164,40.5328375309055
1292,45.21491,-0.76164,40.548396567921266
1293,45.21456,-0.76175,40.58824232268228
1294,45.21448,-0.76176,40.597167833687855
1295,45.21446,-0.76177,40.59952527406672
1296,45.21442,-0.76175,40.6042401550802
1297,45.21431,-0.76165,40.618771299460775
1298,45.21415,-0.76153,40.63889704983151
1299,45.21408,-0.76149,40.6472871459128
1300,45.21403,-0.76147,40.653061764095845
1301,45.21398,-0.76148,40.658673809853894
1302,45.2137,-0.76159,40.69096929069563
1303,45.21369,-0.76156,40.69357479725168
1304,45.21358,-0.76078,40.75605402116964
1305,45.21349,-0.76033,40.792790912858685
1306,45.21331,-0.75977,40.841115860271536
1307,45.21328,-0.7597,40.84754644861277
1308,45.21316,-0.7593,40.88168104207306
1309,45.21311,-0.75921,40.890673309580755
1310,45.21304,-0.75917,40.89906342579094
1311,45.21291,-0.75915,40.91359626909153
1312,45.21252,-0.75919,40.957053031585225
1313,45.21184,-0.75919,41.03262545988211
1314,45.21177,-0.75917,41.04056203635472
1315,45.21167,-0.75912,41.05234929625994
1316,45.21162,-0.75911,41.057961344282546
1317,45.21154,-0.75906,41.06768118369063
1318,45.21147,-0.75886,41.085212982679515
1319,45.21143,-0.75881,41.09114506753797
1320,45.21123,-0.75878,41.11349683706323
1321,45.21125,-0.75866,41.123182126532605
1322,45.21123,-0.75857,41.130593379882725
1323,45.21113,-0.75827,41.15664938278753
1324,45.21108,-0.75807,41.173314453276554
1325,45.21107,-0.75799,41.1796965075503
1326,45.21108,-0.7579,41.186853434849326
1327,45.21108,-0.75778,41.19628025056945
1328,45.21113,-0.75728,41.23594975063569
1329,45.211,-0.75483,41.42895546362274
1330,45.21082,-0.75374,41.516888334617406
1331,45.2108,-0.75347,41.538214915653754
1332,45.21077,-0.75338,41.54603176068939
1333,45.21059,-0.7508,41.74969455399184
1334,45.21059,-0.75039,41.78190311759527
1335,45.21061,-0.75006,41.8079221922016
1336,45.21062,-0.75004,41.809846673194215
1337,45.21073,-0.74853,41.92909655727818
1338,45.21073,-0.74845,41.935381139636554
1339,45.21063,-0.74844,41.94652245896944
1340,45.21044,-0.7484,41.96787080532756
1341,45.21041,-0.7484,41.97120488201685
1342,45.21035,-0.74838,41.978055633620976
1343,45.21023,-0.74841,41.99159857557427
1344,45.21012,-0.74847,42.00470072255156
1345,45.21003,-0.74847,42.014702952006346
1346,45.2096,-0.74841,42.06272327057089
1347,45.20947,-0.74841,42.07717093396704
1348,45.20929,-0.74837,42.097420692964
1349,45.20912,-0.74836,42.11633011598745
1350,45.20905,-0.74833,42.12445878282105
1351,45.20855,-0.74826,42.18029815853373
1352,45.20844,-0.74823,42.19274821096134
1353,45.20751,-0.74809,42.29668809573529
1354,45.20737,-0.74803,42.312945464489445
1355,45.20718,-0.74786,42.337930418552894
1356,45.20698,-0.74775,42.361778447579475
1357,45.20687,-0.74771,42.37440082758044
1358,45.20679,-0.7477,42.383326335927904
1359,45.20663,-0.74772,42.401177352539705
1360,45.20654,-0.74775,42.411453509391805
1361,45.20646,-0.74779,42.42088340540144
1362,45.20631,-0.74791,42.44003492666423
1363,45.20624,-0.74798,42.44956196977872
1364,45.2061,-0.74816,42.47058726913561
1365,45.20572,-0.74888,42.541179215261515
1366,45.20561,-0.74904,42.55871378243612
1367,45.20553,-0.74908,42.568143694140645
1368,45.20542,-0.74912,42.58076609100018
1369,45.20528,-0.74912,42.596325101668185
1370,45.20516,-0.74909,42.60986806835025
1371,45.20503,-0.74908,42.62433706617812
1372,45.20505,-0.7483,42.685658150315376
1373,45.20502,-0.74808,42.70326110394634
1374,45.20497,-0.7479,42.7184553946546
1375,45.20491,-0.74774,42.73268494643641
1376,45.2048,-0.74756,42.75137822337563
1377,45.20469,-0.74743,42.767308226144664
1378,45.20459,-0.74735,42.78007599861058
1379,45.20447,-0.74729,42.79422089249306
1380,45.20195,-0.74658,43.0797844011201
